{
  "timestamp": "20251108T133242Z",
  "precision": 0.9847328244274809,
  "recall": 0.8657718120805369,
  "f1": 0.9214285714285714,
  "roc_auc": 0.9910445065099281,
  "pr_auc": 0.976131731677613,
  "confusion_matrix": [
    [
      964,
      2
    ],
    [
      20,
      129
    ]
  ],
  "seed": 42
}