{
  "timestamp": "20251108T133735Z",
  "precision": 0.9342105263157895,
  "recall": 0.9530201342281879,
  "f1": 0.9435215946843853,
  "roc_auc": 0.9911695638278655,
  "pr_auc": 0.9770361801701463,
  "confusion_matrix": [
    [
      956,
      10
    ],
    [
      7,
      142
    ]
  ],
  "seed": 42
}